酒店名称,0
52连锁酒店(化州店),18 days
IU酒店(信宜中兴六路店),0 days
IU酒店(茂名人民南路油城大厦店),74 days
Q加·茂名大喜假日酒店,302 days
化州桔龙商务酒店,0 days
化州汇嘉大酒店,71 days
化州铭丰假日酒店,0 days
华海酒店(茂名高铁站店),316 days
卓越酒店(茂名万达广场店),357 days
唐华商务酒店(茂名高铁火车站店),0 days
城市便捷酒店(茂名学府店),375 days
好莱登商务宾馆(信宜绍秀体育馆店),0 days
如家酒店·neo(茂名高铁火车站店),0 days
尚客优连锁酒店(茂名高铁火车站店),363 days
星悦酒店(茂名文化广场店),227 days
精途酒店(茂名高铁火车站店),328 days
维也纳3好酒店(茂名沿江大厦店),284 days
维也纳国际酒店(茂名万达广场店),348 days
维也纳国际酒店(茂名电白店),118 days
维也纳国际酒店(茂名高铁火车站店),350 days
茂名万达广场雅斯特国际酒店,193 days
茂名华景商务酒店,0 days
茂名华燕宾馆,223 days
茂名卓钰精品酒店,99 days
茂名南越印象岭南文化主题酒店火车站店,333 days
茂名名晟宾馆,229 days
茂名君悦商务酒店,357 days
茂名国际大酒店,369 days
茂名大龙湾酒店,0 days
茂名好来登商务酒店,266 days
茂名威利国际酒店,31 days
茂名宏悦大酒店,0 days
茂名御景国际大酒店,60 days
茂名文汇酒店,0 days
茂名柏丽酒店,358 days
茂名栈泉酒店,0 days
茂名永利之家,83 days
茂名海云雁酒店,146 days
茂名海豚酒店,377 days
茂名温德姆至尊酒店,0 days
茂名熹龙国际大酒店,353 days
茂名红金鼎商务宾馆,329 days
茂名荔晶大酒店,318 days
茂名观海楼假日酒店,357 days
茂名诚荟酒店,388 days
茂名途遇精品酒店,62 days
茂名金沙商务酒店,0 days
茂名鑫都宾馆,6 days
茂名零六六八公寓,0 days
轻住悦享酒店(茂名高铁南站店),316 days
高州简尚精品酒店,118 days
