景区名称,天数
东海岛,88
中华第一冼太庙,1
中国南极长城站,159
中国南极长城站,526
中国第一滩旅游度假区,301
中国第一滩旅游度假区,686
中澳友谊花园,367
乐天温泉度假村,285
乐天温泉度假村,570
仙湖山庄,448
保利·南海１号展览馆,51
保利银滩浴场,436
冼太庙,493
十里银滩,111
南三岛,289
南国热带花园,283
南海1号一号银滩（十里银滩）,37
南海1号一号银滩（十里银滩）,151
双山岛,1
古郡水城,291
古郡水城,517
吉兆湾,636
吴阳金海岸沙滩,1
塘山岭生态公园,361
大仁山风景区,119
大树岛,1
大通街,196
天堂湖温泉度假山庄,650
天堂湖温泉度假山庄,399
天马山,1
天马山生态旅游区,642
天马山生态旅游区,679
天龙顶国家山地公园,317
寸金动物园,636
崆峒岩风景区,428
平云山,1
广东海洋大学,535
广垦（茂名）国家热带农业公园,1
广垦（茂名）国家热带农业公园,691
廉江植物园,1
御水古温泉旅游度假区,685
放鸡岛生态旅游国际度假区,1
放鸡岛生态旅游国际度假区,629
敏捷欢乐黄金海岸,233
文光塔,1
旺同公园,96
晏镜岭,63
月亮湾滨海度假区,1
月亮湾滨海度假区,504
月亮湾碧海蓝天度假邨,1
水东湾,1
沙扒湾,632
沙扒湾奇乐摩天轮,1
浮山岭风景区,573
海东度假村,657
海滨公园,1
海滨公园,643
海滨公园游乐场,347
海陵岛,551
海陵岛红树林国家湿地公园,1
渔港公园,469
湖光岩,1
湛江博物馆,491
湛江梵高星空艺术馆,1
湛江森林公园,1
湛江海湾大桥,72
湛江红嘴鸥游船,304
湛江红树林国家级自然保护区,1
湛江红树林国家级自然保护区,1
潮州风吹岭石刻群,1
瀛州公园,691
特呈岛,322
特呈岛温泉度假村,89
玉湖风景区,182
玉湖风景区,441
田园寨,1
田园寨,1
白水瀑布,1
白水瀑布,1
石根山,1
石根山,609
硇洲岛,549
维纳斯皇家温泉（广东阳西店）,707
苏二村,1
茂名森林公园,99
蓝月湾温泉,286
蓝袍湾,519
螺岗岭,1
西江温泉度假村,710
谢鞋山,107
谢鞋山,1
谢鲁山庄风景名胜区,525
遂溪孔子文化城,430
金沙湾海滨浴场,551
金鹿园,208
金鹿园,25
长坡旧城,1
长坡旧城,1
闸坡,538
阳春东湖公园,1
阳江春都温泉,70
阳西咸水矿温泉,547
阳西青洲岛,274
雷州古城,1
雷州古城,174
霞山天主教堂,1
霞山天主教堂,516
霞山观海长廊,488
露天矿生态公园,483
马尾岛,1
马尾岛,525
高州仙人洞景区,628
高州市宝光塔,1
高州观山,1
鸳鸯湖公园,51
鹤地水库风景区,21
黎村温泉,1
鼎龙湾德萨斯水世界,199
鼎龙湾欢乐海岸,163
鼎龙湾高尔夫度假村,1
龙海天,624
