酒店名称,天数
52连锁酒店(化州店),18
IU酒店(信宜中兴六路店),1
IU酒店(茂名人民南路油城大厦店),1
IU酒店(茂名人民南路油城大厦店),74
Q加·茂名大喜假日酒店,241
Q加·茂名大喜假日酒店,302
化州桔龙商务酒店,1
化州汇嘉大酒店,71
化州汇嘉大酒店,1
化州铭丰假日酒店,1
华海酒店(茂名高铁站店),1
华海酒店(茂名高铁站店),1
卓越酒店(茂名万达广场店),357
唐华商务酒店(茂名高铁火车站店),1
城市便捷酒店(茂名学府店),251
城市便捷酒店(茂名学府店),375
好莱登商务宾馆(信宜绍秀体育馆店),1
如家酒店·neo(茂名高铁火车站店),1
尚客优连锁酒店(茂名高铁火车站店),363
星悦酒店(茂名文化广场店),227
精途酒店(茂名高铁火车站店),328
维也纳3好酒店(茂名沿江大厦店),1
维也纳3好酒店(茂名沿江大厦店),284
维也纳国际酒店(茂名万达广场店),348
维也纳国际酒店(茂名电白店),118
维也纳国际酒店(茂名高铁火车站店),350
茂名万达广场雅斯特国际酒店,193
茂名华景商务酒店,1
茂名华燕宾馆,223
茂名卓钰精品酒店,1
茂名卓钰精品酒店,99
茂名南越印象岭南文化主题酒店火车站店,333
茂名名晟宾馆,229
茂名君悦商务酒店,357
茂名国际大酒店,101
茂名国际大酒店,369
茂名大龙湾酒店,1
茂名好来登商务酒店,1
茂名好来登商务酒店,193
茂名威利国际酒店,31
茂名宏悦大酒店,1
茂名御景国际大酒店,1
茂名御景国际大酒店,60
茂名文汇酒店,1
茂名柏丽酒店,358
茂名栈泉酒店,1
茂名永利之家,1
茂名永利之家,83
茂名海云雁酒店,146
茂名海豚酒店,302
茂名海豚酒店,375
茂名温德姆至尊酒店,1
茂名熹龙国际大酒店,353
茂名红金鼎商务宾馆,329
茂名荔晶大酒店,318
茂名观海楼假日酒店,307
茂名观海楼假日酒店,283
茂名诚荟酒店,106
茂名诚荟酒店,388
茂名途遇精品酒店,62
茂名金沙商务酒店,1
茂名鑫都宾馆,6
茂名零六六八公寓,1
轻住悦享酒店(茂名高铁南站店),316
高州简尚精品酒店,118
