餐饮名称,天数
CAKE情迷黑森林,247
CAKE情迷黑森林,426
丰年面包店（茂南区店）,1
丰年面包店（茂南区店）,615
优之品西点,246
优之品西点,705
优乐堡（开发区店）,403
优乐堡（开发区店）,605
优悦西餐厅（维斯顿店）,1
优悦西餐厅（维斯顿店）,223
元晟坊蛋糕（南香公园店）,71
元晟坊蛋糕（南香公园店）,237
功夫鸡排（光华北路店）,199
功夫鸡排（光华北路店）,602
喜相逢渝洲川菜酒楼（东方大道店）,1
尊宝比萨（康泰又一城店）,55
尊霸披萨,50
尊霸披萨,206
小乔紫菜卷（小乔店）,624
小乔紫菜卷（小乔店）,654
旺角亭（为民店）,481
旺角亭（为民店）,718
果之度（为民店）,482
果之度（为民店）,644
果之度（迎宾三路店）,47
果之度（迎宾三路店）,711
清香面包店（车田街店）,47
清香面包店（车田街店）,716
渔乐码头烤鱼牛蛙晚饭餐厅,231
渔乐码头烤鱼牛蛙晚饭餐厅,551
瀛食精致料理,344
瀛食精致料理,676
爱丽丝音乐餐吧,247
爱可咖啡馆（茂南店）,507
爱可咖啡馆（茂南店）,513
甜在心扉千层蛋糕（茂名店）,584
甜在心扉千层蛋糕（茂名店）,672
盛香烧鹅（东方市场店）,458
盛香烧鹅（东方市场店）,571
相聚时光（光明店）,497
相聚时光（光明店）,455
茂名浪漫海岸温德姆酒店望海餐厅,218
茂名浪漫海岸温德姆酒店望海餐厅,209
茂香面包坊总店,112
茂香面包坊总店,22
顺德火焰醉鹅坊（站北五路店）,105
驰名湘菜馆,197
鲜滋味蛋糕·季念日生日蛋糕（茂南区店）,85
鲜滋味蛋糕·季念日生日蛋糕（茂南区店）,711
鲜饮时光（高州店）,648
鲜饮时光（高州店）,604
