景区名称,0
东海岛,88 days
中华第一冼太庙,0 days
中国南极长城站,627 days
中国第一滩旅游度假区,686 days
中澳友谊花园,367 days
乐天温泉度假村,570 days
仙湖山庄,448 days
保利·南海１号展览馆,51 days
保利银滩浴场,436 days
冼太庙,493 days
十里银滩,111 days
南三岛,289 days
南国热带花园,283 days
南海1号一号银滩（十里银滩）,151 days
双山岛,0 days
古郡水城,517 days
吉兆湾,636 days
吴阳金海岸沙滩,0 days
塘山岭生态公园,361 days
大仁山风景区,119 days
大树岛,0 days
大通街,196 days
天堂湖温泉度假山庄,654 days
天马山,0 days
天马山生态旅游区,688 days
天龙顶国家山地公园,317 days
寸金动物园,636 days
崆峒岩风景区,428 days
平云山,0 days
广东海洋大学,535 days
广垦（茂名）国家热带农业公园,691 days
廉江植物园,0 days
御水古温泉旅游度假区,685 days
放鸡岛生态旅游国际度假区,629 days
敏捷欢乐黄金海岸,233 days
文光塔,0 days
旺同公园,96 days
晏镜岭,63 days
月亮湾滨海度假区,504 days
月亮湾碧海蓝天度假邨,0 days
水东湾,0 days
沙扒湾,632 days
沙扒湾奇乐摩天轮,0 days
浮山岭风景区,573 days
海东度假村,657 days
海滨公园,643 days
海滨公园游乐场,347 days
海陵岛,551 days
海陵岛红树林国家湿地公园,0 days
渔港公园,469 days
湖光岩,0 days
湛江博物馆,491 days
湛江梵高星空艺术馆,0 days
湛江森林公园,0 days
湛江海湾大桥,72 days
湛江红嘴鸥游船,304 days
湛江红树林国家级自然保护区,40 days
潮州风吹岭石刻群,0 days
瀛州公园,691 days
特呈岛,322 days
特呈岛温泉度假村,89 days
玉湖风景区,523 days
田园寨,38 days
白水瀑布,142 days
石根山,609 days
硇洲岛,549 days
维纳斯皇家温泉（广东阳西店）,707 days
苏二村,0 days
茂名森林公园,99 days
蓝月湾温泉,286 days
蓝袍湾,519 days
螺岗岭,0 days
西江温泉度假村,710 days
谢鞋山,135 days
谢鲁山庄风景名胜区,525 days
遂溪孔子文化城,430 days
金沙湾海滨浴场,551 days
金鹿园,222 days
长坡旧城,18 days
闸坡,538 days
阳春东湖公园,0 days
阳江春都温泉,70 days
阳西咸水矿温泉,547 days
阳西青洲岛,274 days
雷州古城,256 days
霞山天主教堂,558 days
霞山观海长廊,488 days
露天矿生态公园,483 days
马尾岛,527 days
高州仙人洞景区,628 days
高州市宝光塔,0 days
高州观山,0 days
鸳鸯湖公园,51 days
鹤地水库风景区,21 days
黎村温泉,0 days
鼎龙湾德萨斯水世界,199 days
鼎龙湾欢乐海岸,163 days
鼎龙湾高尔夫度假村,0 days
龙海天,624 days
