餐饮名称,0
CAKE情迷黑森林,426 days
丰年面包店（茂南区店）,615 days
优之品西点,705 days
优乐堡（开发区店）,605 days
优悦西餐厅（维斯顿店）,223 days
元晟坊蛋糕（南香公园店）,237 days
功夫鸡排（光华北路店）,602 days
喜相逢渝洲川菜酒楼（东方大道店）,0 days
尊宝比萨（康泰又一城店）,55 days
尊霸披萨,206 days
小乔紫菜卷（小乔店）,654 days
旺角亭（为民店）,718 days
果之度（为民店）,644 days
果之度（迎宾三路店）,711 days
清香面包店（车田街店）,716 days
渔乐码头烤鱼牛蛙晚饭餐厅,551 days
瀛食精致料理,676 days
爱丽丝音乐餐吧,247 days
爱可咖啡馆（茂南店）,539 days
甜在心扉千层蛋糕（茂名店）,682 days
盛香烧鹅（东方市场店）,571 days
相聚时光（光明店）,497 days
茂名浪漫海岸温德姆酒店望海餐厅,233 days
茂香面包坊总店,121 days
顺德火焰醉鹅坊（站北五路店）,105 days
驰名湘菜馆,197 days
鲜滋味蛋糕·季念日生日蛋糕（茂南区店）,711 days
鲜饮时光（高州店）,649 days
