餐饮名称,0
CAKE情迷黑森林,575 days
Hello炸鸡（方兴店）,452 days
LINLEE·手打柠檬茶（文创店）,287 days
三两粉（茂名东汇城店）,96 days
丰年面包店（茂南区店）,0 days
二月时光烘焙坊（华夏世纪花园店）,274 days
云南过桥米线（汇景店）,213 days
付记·招牌酸菜鱼,273 days
优之品西点,611 days
优乐堡（开发区店）,584 days
优悦西餐厅（维斯顿店）,663 days
元晟坊蛋糕（南香公园店）,629 days
入火韩国烤肉（华侨城店）,163 days
冲天香鸭粥店（光华北店）,236 days
功夫鸡排（光华北路店）,292 days
十七门重庆老火锅（电白万达店）,545 days
友情有意音乐餐厅,319 days
周黑鸭（东汇城店）,17 days
喜姐炸串（新天地店）,94 days
围炉海鲜烤肉自助（金港湾店）,153 days
塔斯汀中国汉堡（民主店）,99 days
大赞∙炙烧寿司（万达广场店）,557 days
天台月光帐篷餐厅,62 days
尊宝比萨（康泰又一城店）,183 days
小乔紫菜卷（小乔店）,595 days
小和寿司（光明路店）,33 days
川味龙虾馆（官山路店）,23 days
帕拉图西餐酒廊（华侨城店）,98 days
御品豆花（宾南路店）,183 days
悦创小鹅鹅桂林米粉（双山一路店）,120 days
旺角亭（为民店）,578 days
果·町·果汁·果茶（金港湾店）,88 days
果之度（为民店）,570 days
果之度（开发区店）,332 days
果之度（迎宾三路店）,452 days
棒子炸鸡•脆鸡饭（传湾新天地店）,53 days
椒王火锅（电白店）,307 days
椒王火锅（高州店）,169 days
汉宫传承隆江猪脚饭（上排垌店）,159 days
江渔儿酸菜鱼（高州店）,232 days
油校西餐厅（光遇·油校光华校区店）,239 days
法兰度航空主题餐厅（东汇城店）,335 days
泰哥茶档,85 days
清香面包店（车田街店）,301 days
渔乐码头烤鱼牛蛙晚饭餐厅,504 days
港堡汉堡（双山四路店）,59 days
源丰唐茶楼（电白万达广场店）,496 days
满酱（东湖店）,282 days
瀛食精致料理,585 days
煲珠霸（中山路店）,84 days
爱可咖啡馆（茂南店）,210 days
爵士厚牛排自助餐馆（汇丰店）,662 days
甜在心扉千层蛋糕（茂名店）,253 days
盛香烧鹅（东方市场店）,560 days
相聚时光（光明店）,670 days
相聚时光（化州店）,279 days
真功夫（传湾新天地店）,177 days
肯德基（茂名官渡店）,226 days
至尊比萨（电城旗舰店）,88 days
茶自点（文光店）,114 days
草原郎烤羊,170 days
菠斯蒂蛋糕,609 days
螺香汇·柳州螺蛳粉（官渡二路油校店）,435 days
街头牛排（光华北路店）,355 days
贤合庄卤味火锅（电白万达店）,197 days
贵族自助牛排餐厅（华侨城店）,399 days
遇见桃园烤鱼（新福路店）,225 days
顺德火焰醉鹅坊（站北五路店）,681 days
鲜滋味蛋糕·季念日生日蛋糕（茂南区店）,0 days
鲜饮时光（高州店）,526 days
麦壳西点（开发区店）,200 days
麦当劳（明湖店）,269 days
黑色经典长沙臭豆腐（为民路店）,42 days
