酒店名称,label,count,values,比率
52连锁酒店(化州店),1,3,3,1.0
IU酒店(信宜中兴六路店),1,1,1,1.0
IU酒店(茂名人民南路油城大厦店),0,1,3,0.3333333333333333
IU酒店(茂名人民南路油城大厦店),1,2,3,0.6666666666666666
Q加·茂名大喜假日酒店,0,2,16,0.125
Q加·茂名大喜假日酒店,1,14,16,0.875
化州桔龙商务酒店,1,1,1,1.0
化州汇嘉大酒店,0,2,3,0.6666666666666666
化州汇嘉大酒店,1,1,3,0.3333333333333333
化州铭丰假日酒店,1,1,1,1.0
华海酒店(茂名高铁站店),0,1,2,0.5
华海酒店(茂名高铁站店),1,1,2,0.5
卓越酒店(茂名万达广场店),1,9,9,1.0
唐华商务酒店(茂名高铁火车站店),1,1,1,1.0
城市便捷酒店(茂名学府店),0,7,46,0.15217391304347827
城市便捷酒店(茂名学府店),1,39,46,0.8478260869565217
好莱登商务宾馆(信宜绍秀体育馆店),1,1,1,1.0
如家酒店·neo(茂名高铁火车站店),1,1,1,1.0
尚客优连锁酒店(茂名高铁火车站店),1,4,4,1.0
星悦酒店(茂名文化广场店),1,2,2,1.0
精途酒店(茂名高铁火车站店),1,10,10,1.0
维也纳3好酒店(茂名沿江大厦店),0,1,8,0.125
维也纳3好酒店(茂名沿江大厦店),1,7,8,0.875
维也纳国际酒店(茂名万达广场店),1,40,40,1.0
维也纳国际酒店(茂名电白店),1,4,4,1.0
维也纳国际酒店(茂名高铁火车站店),1,14,14,1.0
茂名万达广场雅斯特国际酒店,1,3,3,1.0
茂名华景商务酒店,1,1,1,1.0
茂名华燕宾馆,1,12,12,1.0
茂名卓钰精品酒店,0,1,4,0.25
茂名卓钰精品酒店,1,3,4,0.75
茂名南越印象岭南文化主题酒店火车站店,1,13,13,1.0
茂名名晟宾馆,1,6,6,1.0
茂名君悦商务酒店,1,2,2,1.0
茂名国际大酒店,0,2,36,0.05555555555555555
茂名国际大酒店,1,34,36,0.9444444444444444
茂名大龙湾酒店,1,1,1,1.0
茂名好来登商务酒店,0,1,4,0.25
茂名好来登商务酒店,1,3,4,0.75
茂名威利国际酒店,1,2,2,1.0
茂名宏悦大酒店,1,1,1,1.0
茂名御景国际大酒店,0,1,5,0.2
茂名御景国际大酒店,1,4,5,0.8
茂名文汇酒店,1,1,1,1.0
茂名柏丽酒店,1,9,9,1.0
茂名栈泉酒店,1,1,1,1.0
茂名永利之家,0,1,3,0.3333333333333333
茂名永利之家,1,2,3,0.6666666666666666
茂名海云雁酒店,1,3,3,1.0
茂名海豚酒店,0,4,38,0.10526315789473684
茂名海豚酒店,1,34,38,0.8947368421052632
茂名温德姆至尊酒店,1,1,1,1.0
茂名熹龙国际大酒店,1,4,4,1.0
茂名红金鼎商务宾馆,1,6,6,1.0
茂名荔晶大酒店,1,10,10,1.0
茂名观海楼假日酒店,0,5,20,0.25
茂名观海楼假日酒店,1,15,20,0.75
茂名诚荟酒店,0,3,22,0.13636363636363635
茂名诚荟酒店,1,19,22,0.8636363636363636
茂名途遇精品酒店,1,4,4,1.0
茂名金沙商务酒店,1,1,1,1.0
茂名鑫都宾馆,1,2,2,1.0
茂名零六六八公寓,1,1,1,1.0
轻住悦享酒店(茂名高铁南站店),1,5,5,1.0
高州简尚精品酒店,1,3,3,1.0
