景区名称,0
三官山,0 days
东海岛,230 days
中华第一冼太庙,0 days
中国南极长城站,618 days
中国第一滩旅游度假区,517 days
中澳友谊花园,432 days
乐天温泉度假村,457 days
信宜莲花湖庄园,549 days
冼太夫人故里文化旅游区,245 days
冼太庙,668 days
十里银滩,527 days
南国热带花园,525 days
南海1号一号银滩（十里银滩）,422 days
古郡水城,499 days
吉兆湾,389 days
吴阳金海岸沙滩,0 days
大仁山风景区,89 days
大通街,502 days
天马山生态旅游区,261 days
天龙顶国家山地公园,395 days
寸金动物园,297 days
广东海上丝绸之路博物馆,401 days
广东海洋大学,335 days
广垦（茂名）国家热带农业公园,435 days
庐山村,0 days
御水古温泉旅游度假区,698 days
放鸡岛生态旅游国际度假区,647 days
敏捷欢乐黄金海岸,7 days
晏镜岭,143 days
月亮湾滨海度假区,677 days
水东湾,66 days
沙扒湾,573 days
浮山岭风景区,442 days
海东度假村,2 days
海滨公园,620 days
海陵岛,601 days
海陵岛红树林国家湿地公园,521 days
渔港公园,570 days
湖光岩,690 days
湛江博物馆,408 days
湛江梵高星空艺术馆,597 days
湛江海湾大桥,0 days
湛江红嘴鸥游船,662 days
特呈岛,607 days
玉湖风景区,551 days
田园寨,688 days
石根山,489 days
硇洲岛,606 days
粤龙山风景区,125 days
茂名森林公园,694 days
茂德公古城,0 days
蓝月湾温泉,515 days
蓝袍湾,0 days
螺岗小镇,0 days
西江温泉度假村,600 days
遂溪孔子文化城,43 days
金沙湾海滨浴场,505 days
镇隆古城,0 days
闸坡,0 days
闸坡大角湾,581 days
阳光玫瑰生态园,238 days
阳春东湖公园,0 days
阳江春都温泉,0 days
阳西咸水矿温泉,512 days
阳西青洲岛,0 days
雅米乐园,162 days
霞山观海长廊,624 days
露天矿生态公园,220 days
青州岛,378 days
马尾岛,0 days
马踏镇,0 days
高州仙人洞景区,688 days
高州市宝光塔,0 days
高州观山,0 days
鹤地水库风景区,0 days
鼎龙湾德萨斯水世界,488 days
鼎龙湾欢乐海岸,629 days
