餐饮名称,天数
CAKE情迷黑森林,394
CAKE情迷黑森林,575
Hello炸鸡（方兴店）,404
Hello炸鸡（方兴店）,452
LINLEE·手打柠檬茶（文创店）,261
LINLEE·手打柠檬茶（文创店）,287
三两粉（茂名东汇城店）,53
三两粉（茂名东汇城店）,96
丰年面包店（茂南区店）,1
二月时光烘焙坊（华夏世纪花园店）,35
二月时光烘焙坊（华夏世纪花园店）,274
云南过桥米线（汇景店）,193
云南过桥米线（汇景店）,213
付记·招牌酸菜鱼,90
付记·招牌酸菜鱼,273
优之品西点,487
优之品西点,611
优乐堡（开发区店）,576
优乐堡（开发区店）,575
优悦西餐厅（维斯顿店）,648
优悦西餐厅（维斯顿店）,650
元晟坊蛋糕（南香公园店）,379
元晟坊蛋糕（南香公园店）,629
入火韩国烤肉（华侨城店）,119
入火韩国烤肉（华侨城店）,163
冲天香鸭粥店（光华北店）,1
冲天香鸭粥店（光华北店）,236
功夫鸡排（光华北路店）,292
十七门重庆老火锅（电白万达店）,487
十七门重庆老火锅（电白万达店）,545
友情有意音乐餐厅,259
友情有意音乐餐厅,319
周黑鸭（东汇城店）,17
喜姐炸串（新天地店）,94
围炉海鲜烤肉自助（金港湾店）,136
围炉海鲜烤肉自助（金港湾店）,153
塔斯汀中国汉堡（民主店）,35
塔斯汀中国汉堡（民主店）,99
大赞∙炙烧寿司（万达广场店）,193
大赞∙炙烧寿司（万达广场店）,557
天台月光帐篷餐厅,1
天台月光帐篷餐厅,58
尊宝比萨（康泰又一城店）,1
尊宝比萨（康泰又一城店）,183
小乔紫菜卷（小乔店）,531
小乔紫菜卷（小乔店）,595
小和寿司（光明路店）,33
川味龙虾馆（官山路店）,23
帕拉图西餐酒廊（华侨城店）,1
帕拉图西餐酒廊（华侨城店）,98
御品豆花（宾南路店）,1
御品豆花（宾南路店）,183
悦创小鹅鹅桂林米粉（双山一路店）,120
旺角亭（为民店）,241
旺角亭（为民店）,578
果·町·果汁·果茶（金港湾店）,88
果之度（为民店）,524
果之度（为民店）,570
果之度（开发区店）,12
果之度（开发区店）,332
果之度（迎宾三路店）,258
果之度（迎宾三路店）,452
棒子炸鸡•脆鸡饭（传湾新天地店）,15
棒子炸鸡•脆鸡饭（传湾新天地店）,53
椒王火锅（电白店）,223
椒王火锅（电白店）,307
椒王火锅（高州店）,85
椒王火锅（高州店）,169
汉宫传承隆江猪脚饭（上排垌店）,28
汉宫传承隆江猪脚饭（上排垌店）,159
江渔儿酸菜鱼（高州店）,214
江渔儿酸菜鱼（高州店）,232
油校西餐厅（光遇·油校光华校区店）,123
油校西餐厅（光遇·油校光华校区店）,239
法兰度航空主题餐厅（东汇城店）,1
法兰度航空主题餐厅（东汇城店）,335
泰哥茶档,11
泰哥茶档,85
清香面包店（车田街店）,86
清香面包店（车田街店）,301
渔乐码头烤鱼牛蛙晚饭餐厅,351
渔乐码头烤鱼牛蛙晚饭餐厅,487
港堡汉堡（双山四路店）,59
源丰唐茶楼（电白万达广场店）,299
源丰唐茶楼（电白万达广场店）,496
满酱（东湖店）,282
瀛食精致料理,274
瀛食精致料理,585
煲珠霸（中山路店）,6
煲珠霸（中山路店）,84
爱可咖啡馆（茂南店）,210
爵士厚牛排自助餐馆（汇丰店）,649
爵士厚牛排自助餐馆（汇丰店）,478
甜在心扉千层蛋糕（茂名店）,1
甜在心扉千层蛋糕（茂名店）,253
盛香烧鹅（东方市场店）,498
盛香烧鹅（东方市场店）,560
相聚时光（光明店）,610
相聚时光（光明店）,670
相聚时光（化州店）,239
相聚时光（化州店）,269
真功夫（传湾新天地店）,45
真功夫（传湾新天地店）,177
肯德基（茂名官渡店）,173
肯德基（茂名官渡店）,226
至尊比萨（电城旗舰店）,88
茶自点（文光店）,36
茶自点（文光店）,114
草原郎烤羊,156
草原郎烤羊,158
菠斯蒂蛋糕,505
菠斯蒂蛋糕,609
螺香汇·柳州螺蛳粉（官渡二路油校店）,292
螺香汇·柳州螺蛳粉（官渡二路油校店）,435
街头牛排（光华北路店）,170
街头牛排（光华北路店）,355
贤合庄卤味火锅（电白万达店）,170
贤合庄卤味火锅（电白万达店）,197
贵族自助牛排餐厅（华侨城店）,243
贵族自助牛排餐厅（华侨城店）,399
遇见桃园烤鱼（新福路店）,190
遇见桃园烤鱼（新福路店）,225
顺德火焰醉鹅坊（站北五路店）,383
顺德火焰醉鹅坊（站北五路店）,681
鲜滋味蛋糕·季念日生日蛋糕（茂南区店）,1
鲜饮时光（高州店）,114
鲜饮时光（高州店）,526
麦壳西点（开发区店）,5
麦壳西点（开发区店）,200
麦当劳（明湖店）,230
麦当劳（明湖店）,269
黑色经典长沙臭豆腐（为民路店）,42
