酒店名称,0
IU酒店(茂名人民南路油城大厦店),513 days
Q加·茂名大喜假日酒店,555 days
信宜丽晶酒店,0 days
信宜天鹅湖宾馆,0 days
兰欧酒店(信宜绍秀体育馆店),0 days
凯里亚德酒店(茂名电白万达广场店),584 days
凯里亚德酒店(茂名高铁站店),549 days
化州桐趣电影游戏主题酒店,0 days
化州桔龙商务酒店,476 days
化州森思思酒店,0 days
化州汇嘉大酒店,0 days
化州铭丰假日酒店,0 days
华海酒店(茂名高铁站店),145 days
卓越酒店(茂名万达广场店),134 days
哈曼酒店(化州火车站店),0 days
唐华商务酒店(茂名高铁火车站店),457 days
城市便捷酒店(茂名学府店),685 days
城市便捷酒店(茂名水东万达广场区政府店),280 days
城市便捷酒店(茂名滨海新区电城店),333 days
好莱登商务宾馆(信宜绍秀体育馆店),0 days
如家酒店·neo(茂名人民路步行街中心店),0 days
尚客优连锁酒店(信宜银湖路店),133 days
尚客优连锁酒店(茂名高铁火车站店),294 days
星悦酒店(茂名文化广场店),353 days
柏曼酒店(茂名大道东汇城店),567 days
柏曼酒店(茂名油城七路店),468 days
柏高酒店(茂名高铁站店),161 days
精途酒店(茂名高铁火车站店),574 days
维也纳3好酒店(茂名沿江大厦店),446 days
维也纳国际酒店(茂名万达广场店),554 days
维也纳国际酒店(茂名电白店),5 days
维也纳国际酒店(茂名高铁火车站店),677 days
英利商务酒店(化州上街路店),0 days
茂名万达广场雅斯特国际酒店,580 days
茂名东诚智能公寓,117 days
茂名化州丽登酒店,0 days
茂名华燕宾馆,522 days
茂名南越印象岭南文化主题酒店火车站店,30 days
茂名名晟宾馆,174 days
茂名君怡酒店,516 days
茂名君悦商务酒店,101 days
茂名君悦商务酒店人民大道店,0 days
茂名国际大酒店,456 days
茂名好来登商务酒店,11 days
茂名威利国际酒店,39 days
茂名安途四季酒店,0 days
茂名市便捷酒店(高铁火车站店),249 days
茂名御景国际大酒店,686 days
茂名恒运商务酒店,0 days
茂名文华酒店,0 days
茂名星城湾国际酒店,137 days
茂名柏丽酒店,480 days
茂名栈泉酒店,354 days
茂名永利之家,0 days
茂名泊愉青年公寓,0 days
茂名海云雁酒店,489 days
茂名海豚酒店,680 days
茂名温德姆至尊酒店,0 days
茂名熹龙国际大酒店,542 days
茂名碧海湾酒店,0 days
茂名红天旅馆,312 days
茂名红金鼎商务宾馆,312 days
茂名茂南高山九树公寓,0 days
茂名荔晶大酒店,515 days
茂名蓝海洋酒店,371 days
茂名观海楼假日酒店,621 days
茂名诚荟酒店,633 days
茂名途遇精品酒店,149 days
茂名鑫都宾馆,354 days
茂名龙栖湾旅馆,0 days
轻住悦享酒店(茂名高铁南站店),497 days
高州卡尔顿酒店,0 days
高州明悦宾馆,0 days
高州沿江商务宾馆,0 days
高州简尚精品酒店,0 days
高州顺得商务酒店,0 days
麗枫酒店(茂名水东店),41 days
麗枫酒店(茂名电白万达广场店),645 days
麗枫酒店(茂名高铁站店),2 days
