景区名称,天数
三官山,1
东海岛,230
中华第一冼太庙,1
中国南极长城站,618
中国第一滩旅游度假区,517
中澳友谊花园,432
乐天温泉度假村,1
乐天温泉度假村,457
信宜莲花湖庄园,342
信宜莲花湖庄园,549
冼太夫人故里文化旅游区,1
冼太夫人故里文化旅游区,245
冼太庙,668
十里银滩,1
十里银滩,527
南国热带花园,525
南海1号一号银滩（十里银滩）,391
南海1号一号银滩（十里银滩）,1
古郡水城,1
古郡水城,499
吉兆湾,389
吴阳金海岸沙滩,1
大仁山风景区,89
大通街,502
天马山生态旅游区,119
天马山生态旅游区,178
天龙顶国家山地公园,395
寸金动物园,297
广东海上丝绸之路博物馆,401
广东海洋大学,335
广垦（茂名）国家热带农业公园,79
广垦（茂名）国家热带农业公园,435
庐山村,1
御水古温泉旅游度假区,1
御水古温泉旅游度假区,698
放鸡岛生态旅游国际度假区,109
放鸡岛生态旅游国际度假区,647
敏捷欢乐黄金海岸,7
晏镜岭,143
月亮湾滨海度假区,677
水东湾,1
水东湾,7
沙扒湾,21
沙扒湾,573
浮山岭风景区,442
海东度假村,1
海东度假村,1
海滨公园,620
海陵岛,601
海陵岛红树林国家湿地公园,521
渔港公园,570
湖光岩,690
湛江博物馆,408
湛江梵高星空艺术馆,1
湛江梵高星空艺术馆,260
湛江海湾大桥,1
湛江红嘴鸥游船,1
湛江红嘴鸥游船,662
特呈岛,1
特呈岛,525
玉湖风景区,1
玉湖风景区,499
田园寨,130
田园寨,688
石根山,1
石根山,489
硇洲岛,1
硇洲岛,584
粤龙山风景区,1
粤龙山风景区,125
茂名森林公园,524
茂名森林公园,694
茂德公古城,1
蓝月湾温泉,188
蓝月湾温泉,515
蓝袍湾,1
螺岗小镇,1
西江温泉度假村,193
西江温泉度假村,600
遂溪孔子文化城,43
金沙湾海滨浴场,505
镇隆古城,1
闸坡,1
闸坡大角湾,581
阳光玫瑰生态园,238
阳春东湖公园,1
阳江春都温泉,1
阳西咸水矿温泉,1
阳西咸水矿温泉,512
阳西青洲岛,1
雅米乐园,1
雅米乐园,1
霞山观海长廊,624
露天矿生态公园,1
露天矿生态公园,220
青州岛,1
青州岛,372
马尾岛,1
马踏镇,1
高州仙人洞景区,58
高州仙人洞景区,688
高州市宝光塔,1
高州观山,1
鹤地水库风景区,1
鼎龙湾德萨斯水世界,340
鼎龙湾德萨斯水世界,488
鼎龙湾欢乐海岸,629
